{"route": [[127.12681, 37.44962], [127.12679, 37.45052], [127.12692, 37.45052], [127.12742, 37.45052], [127.12749, 37.45052], [127.1275, 37.45052], [127.12754, 37.45051], [127.12782, 37.45042], [127.12786, 37.45042], [127.12798, 37.45041], [127.12914, 37.4501], [127.12916, 37.45009], [127.12952, 37.44999], [127.12956, 37.44998], [127.12964, 37.44996], [127.12966, 37.44997], [127.12974, 37.44997], [127.12982, 37.45], [127.12988, 37.45005], [127.12993, 37.45013], [127.13007, 37.45045], [127.13012, 37.45056], [127.13016, 37.45066], [127.1302, 37.45085], [127.13027, 37.45095], [127.13037, 37.45101], [127.13052, 37.45108], [127.1307, 37.45115], [127.1308, 37.45122], [127.13087, 37.4513], [127.13092, 37.45139], [127.13099, 37.45153], [127.13114, 37.45179], [127.13125, 37.45197], [127.13131, 37.45206], [127.13137, 37.45216], [127.13144, 37.45222], [127.13152, 37.45226], [127.13161, 37.45229], [127.13173, 37.45232], [127.13187, 37.45236], [127.13192, 37.45239], [127.13198, 37.45243], [127.13203, 37.45245], [127.13208, 37.45247], [127.13217, 37.45251], [127.13312, 37.45287], [127.1332, 37.45291], [127.13337, 37.45297], [127.13357, 37.45305], [127.13375, 37.45324], [127.13391, 37.45337], [127.13402, 37.45345], [127.13383, 37.45373], [127.13379, 37.45387], [127.13376, 37.45407], [127.13369, 37.45418], [127.13357, 37.45427], [127.13344, 37.45439], [127.13336, 37.45455], [127.13325, 37.45481], [127.13322, 37.455]], "timestamp": [0.0, 0.38217367648726847, 0.4259912399742911, 0.5945203303411352, 0.6181144029906337, 0.6214849847940295, 0.6356200212351885, 0.7374385366356125, 0.7509208818815346, 0.7915901455104013, 1.2041375564691816, 1.2121043554806363, 1.3406594885633485, 1.3547946161197684, 1.3830648763891875, 1.3910316853224056, 1.4179965380356747, 1.4478183042633763, 1.4771380429834888, 1.515054967213198, 1.6588793187799888, 1.708529865030757, 1.7530762570884533, 1.8348637139279849, 1.8834361643884119, 1.9256855099409824, 1.9843321389197603, 2.051890452720087, 2.096827520452952, 2.1381837604326015, 2.1799465073446567, 2.243897884267472, 2.3653134488447667, 2.4502549607699864, 2.493487887869043, 2.540515332308172, 2.5752370028975613, 2.6071035446943407, 2.6400036682353916, 2.6824078543588965, 2.7325579294880096, 2.7536823515198012, 2.7800904231666155, 2.7989613080430074, 2.8178321889041014, 2.8525970479222478, 3.2074030106669587, 3.2392693542001076, 3.301975048005306, 3.377458128762816, 3.478394068759268, 3.555559876470567, 3.6058413098410274, 3.740872303856735, 3.8018220335011947, 3.8873361920109986, 3.9396600172923018, 3.995300910693157, 4.062498673203573, 4.1355855607985355, 4.25203357012261, 4.333333333333335], "duration": 4.333333333333333, "distance": 1134.2}